destination,source,source_filename,sha256,code_modified
sleep/sleep_architecture/sleep_quantification.m,Uploaded sleep_quantification.m,sleep_quantification.m,37da133b2f7bd7b7b8103de5901b648bac6584370984b4e07c04fc03ff157d95,False
event_analysis/epoch_extraction/epoc_extract.m,matlab sharing.zip :: matlab sharing/functions/epoc_extract.m,epoc_extract.m,60cdc01361ae7dffa549f2edaf06c4e77701cd5231eb216853276667b7a13dcf,False
event_analysis/pre_post/prepostdiff.m,matlab sharing.zip :: matlab sharing/functions/prepostdiff.m,prepostdiff.m,a50bd0f6b335d6439e002511320ced88d24d7b7aec010b98a36f87e2a326e159,False
event_analysis/pre_post/prepostdiff_AUC.m,matlab sharing.zip :: matlab sharing/functions/prepostdiff_AUC.m,prepostdiff_AUC.m,df2016767250d09a7836a93df5ea69810322d0383f5b75fb890b4869a0794bfa,False
event_analysis/overlap/findOverlappingPeriods.m,matlab sharing.zip :: matlab sharing/functions/findOverlappingPeriods.m,findOverlappingPeriods.m,9d1bea3b56ed372568f2f0e69af1bda9d470d73fb50cf8f7600ea4bf93a57871,False
data_import/viewpoint/load_EEGdata_Viewpoint.m,Uploaded load_EEGdata_Viewpoint(3).m,load_EEGdata_Viewpoint(3).m,a5d4091ec9c0fe684a7e32fdcf70cd737f7aeabc2b876c761b88d5cbfc83ba89,False
photometry/preprocessing/FP_preprocess2.m,Uploaded FP_preprocess2(1).m,FP_preprocess2(1).m,a765f2d4b20f77579b18de3ba22e3b3042310fcbd76aa7fd2cee36b2e83099b1,False
photometry/normalisation/median/normalise_dFF_median.m,Uploaded normalise_dFF_median(1).m,normalise_dFF_median(1).m,8edf1820883ea09e2bda02cf0ae66c6072139e313ab3b730f2a485afaa946e24,False
eeg/power_spectrum/whole_trace/PSD_EEG.m,matlab sharing.zip :: matlab sharing/functions/PSD_EEG.m,PSD_EEG.m,9a8773b3b9e1d45ce62433b93c60b70c842a8ed46b87a00e96fcaa858af2df87,False
eeg/band_power/powerTrans_byHilbert.m,matlab sharing.zip :: matlab sharing/functions/powerTrans_byHilbert.m,powerTrans_byHilbert.m,e26f10051f5c08f381812ba0f18aad8eadc8430a26450a85fbc569741bde1be1,False
eeg/event_related_power/epoc_extractEEGbands.m,matlab sharing.zip :: matlab sharing/functions/epoc_extractEEGbands.m,epoc_extractEEGbands.m,da669ad7ebf183b0d36cdea57ee385a76a09e7f6be30f7b38767ac298fe3278f,False
eeg/event_related_power/mean_powerspctrgrm_epoc.m,matlab sharing.zip :: matlab sharing/functions/mean_powerspctrgrm_epoc.m,mean_powerspctrgrm_epoc.m,7827bfc6f4e05c61210dec67145a674e78c63d8f08039779f04eebc06f3d6bae,False
eeg/spindle_detection/threshold/spindle_detect.m,matlab sharing.zip :: matlab sharing/functions/spindle_detect.m,spindle_detect.m,847bb744efb01162d33ca96ca37b91b53fb063895f476e131c1f00ef5421a418,False
eeg/spindle_detection/wavelet/spindleDetection_Margarida.m,matlab sharing.zip :: matlab sharing/functions/spindleDetection_Margarida.m,spindleDetection_Margarida.m,6139f972b5324d8411f537242b0725c166468a0f00fc2a76d9fd70e9a27b5351,False
eeg/spindle_detection/characterisation/spindle_trough_detect.m,matlab sharing.zip :: matlab sharing/functions/spindle_trough_detect.m,spindle_trough_detect.m,1ce236fb71bbb261dbf89bc2949afe755e24c9a7e7e913b5db41c81bf0f140a5,False
oscillations/infraslow/PSDinfraslow.m,matlab sharing.zip :: matlab sharing/functions/PSDinfraslow.m,PSDinfraslow.m,676ef938ed24ee07cf7d8434229fd366f340ec3d4dc65e62e54f2b6d347c208a,False
oscillations/infraslow/InfraslowWavelet.m,matlab sharing.zip :: matlab sharing/functions/InfraslowWavelet.m,InfraslowWavelet.m,db460c29454bea99992faeb234135b9148bf4951a232d1b2d9e1e5afd518e89b,False
plotting/mean_traces/plotMeanWithSEM.m,matlab sharing.zip :: matlab sharing/functions/plotMeanWithSEM.m,plotMeanWithSEM.m,3396662b6527e0ab771cb2afc4cc2b34f740caa23daf48a3fdf617eb77bdf782,False
utilities/nearest_idx.m,matlab sharing.zip :: matlab sharing/functions/nearest_idx.m,nearest_idx.m,d42388d0f73b124983db2d6a0c56236f63bc0c06205ba5880ceba1cb21117943,False
utilities/resample_to_fs.m,matlab sharing.zip :: matlab sharing/functions/resample_to_fs.m,resample_to_fs.m,2e39511ba50380d3f3741a9a4b6c9d9cf224bb98bd9e1220d63f4817a0e14829,False
utilities/filterTable.m,matlab sharing.zip :: matlab sharing/functions/filterTable.m,filterTable.m,083f2acf15835884e9498f9c9fafe5e48c0794de6a8b3b3352a741882e4e2b14,False
workflow_templates/batch_processing/batch_process.m,Uploaded batch_process(2).m,batch_process(2).m,867f67b93287f23026063b242d2c21a56d14af314157ccbd70c2025447865fdd,False
reference_workflows/eeg_sleep_analysis/EEG_sleep_analysis_final.m,Uploaded EEG_sleep_analysis_final.m,EEG_sleep_analysis_final.m,81b00d0c16e87064a004ab401b38d0bd9cbf26ee4b8d7211b87ad03ae344ab56,False
reference_workflows/tdt_combined_recordings/Load_combined_FP_EEG.m,Uploaded Load_combined_FP_EEG(1).m,Load_combined_FP_EEG(1).m,e236bfa9ce7af817ba81ed957fbdb59ff73ead96e3775435c392cec364b4e9a5,False
reference_workflows/spectrogram/EEG_power_spectrogram.m,Uploaded EEG_power_spectrogram(1).m,EEG_power_spectrogram(1).m,ba374b5707bd5b6987a36b4b09d053139af2eb84fcb62503290a2e838063439a,False
reference_workflows/state_psd/mean_db/PSD_EEG.m,Uploaded PSD_EEG.m,PSD_EEG.m,0211423a4ece801cf2fd84dfe0b4d3f45d16b667173429b5b960d3159b653486,False
reference_workflows/state_psd/mean_linear/PSD_EEG.m,Uploaded PSD_EEG(1).m,PSD_EEG(1).m,4d5c94912b5ac07e26ab668fc5fd57d84a8b7d16bc4dedcb2f9a027cb2a517c4,False
reference_workflows/ne_rr_correlation/cross_correlation_code.m,Uploaded cross_correlation_code.m,cross_correlation_code.m,01555f6e1d511ccf1bc89386456621718228fed54305f02a3aa337d90cedbbc6,False
examples/cross_correlation_lag/Zuzanna_check_Xcorr_lag.m,matlab sharing.zip :: matlab sharing/Zuzanna_check_Xcorr_lag.m,Zuzanna_check_Xcorr_lag.m,102b5b26edb6fdca52480d5b41c21ec87a329d8a0ef5d9797476b564403de862,False
examples/sigma_extraction_comparison/sigma_power_extraction_comparison.m,matlab sharing.zip :: matlab sharing/sigma_power_extraction_comparison.m,sigma_power_extraction_comparison.m,55c6f1a9d23e504c2ac12727c801b0826ef2a3977db74591fd4bdbdaf4382aaf,False
oscillations/infraslow/worked_script/PSD_infraslow_oscil.m,Uploaded PSD_infraslow_oscil(1).m,PSD_infraslow_oscil(1).m,ae574625f20cd77ae8135677371a3b369ab0759cb8a7bd7e3d11c73776b77ac8,False
eeg/phase_amplitude_coupling/tort_mi/pac_tort_mi.m,https://github.com/margaridaseabra/sleep_app_ach_warm/blob/e55d0fd019f973f90a81b8b50752584be5900375/REM%20analysis%20-%20feature%20extraction/pac_tort_mi.m,pac_tort_mi.m,d544ae47575243a6ba8d146abe2a6495a715d68893249c516f08fb47ac6d88a2,False
eeg/phase_amplitude_coupling/tort_mi/bandpass_zero.m,https://github.com/margaridaseabra/sleep_app_ach_warm/blob/e55d0fd019f973f90a81b8b50752584be5900375/REM%20analysis%20-%20feature%20extraction/bandpass_zero.m,bandpass_zero.m,db4e6535c5ef52f51ddb5be927c85dad52075cc62bdbeac9a5a28f20168c90bd,False
eeg/phase_amplitude_coupling/state_comodulograms/ach_pac_comod_nrem_segment.m,https://github.com/margaridaseabra/sleep_app_ach_warm/blob/e55d0fd019f973f90a81b8b50752584be5900375/ACh%20analysis/ach_pac_comod_nrem_segment.m,ach_pac_comod_nrem_segment.m,88708fa76e197d67057b49b8ccddeca06d8daac984414a724635fa7957b2ec73,False
eeg/phase_amplitude_coupling/state_comodulograms/ach_pac_comod_rem_segment.m,https://github.com/margaridaseabra/sleep_app_ach_warm/blob/e55d0fd019f973f90a81b8b50752584be5900375/ACh%20analysis/ach_pac_comod_rem_segment.m,ach_pac_comod_rem_segment.m,f0594d8af6e88c1bac35a2150aa5cba1203123b07d0be7dd8a1b12769038867f,False
