relative_time_s,mean_au
-1.000000000000000000e+01,1.787558871127993848e-10
-9.949999999999999289e+00,2.233631436203157984e-10
-9.900000000000000355e+00,2.787918818766623188e-10
-9.849999999999999645e+00,3.475891281239918399e-10
-9.800000000000000711e+00,4.328821674522599911e-10
-9.750000000000000000e+00,5.385061373786502712e-10
-9.699999999999999289e+00,6.691586091292781558e-10
-9.650000000000000355e+00,8.305866239949009880e-10
-9.599999999999999645e+00,1.029812707220954858e-09
-9.550000000000000711e+00,1.275407629526048704e-09
-9.500000000000000000e+00,1.577819159413270470e-09
-9.449999999999999289e+00,1.949767786017237700e-09
-9.400000000000000355e+00,2.406722436301035089e-09
-9.349999999999999645e+00,2.967471612701882308e-09
-9.300000000000000711e+00,3.654808196197387819e-09
-9.250000000000000000e+00,4.496349462280885773e-09
-9.199999999999999289e+00,5.525517720366711436e-09
-9.150000000000000355e+00,6.782711498648285242e-09
-9.099999999999999645e+00,8.316702456828304395e-09
-9.050000000000000711e+00,1.018629933286062546e-08
-9.000000000000000000e+00,1.246232734700342770e-08
-8.949999999999999289e+00,1.522997974471262915e-08
-8.900000000000000355e+00,1.859160772634969713e-08
-8.849999999999999645e+00,2.267002607515661354e-08
-8.800000000000000711e+00,2.761242456828044821e-08
-8.750000000000000000e+00,3.359498997812306549e-08
-8.699999999999999289e+00,4.082836041142517326e-08
-8.650000000000000355e+00,4.956405319172463045e-08
-8.599999999999999645e+00,6.010202980257601647e-08
-8.550000000000000711e+00,7.279958694767416987e-08
-8.500000000000000000e+00,8.808179196460620625e-08
-8.449999999999999289e+00,1.064537141107602414e-07
-8.400000000000000355e+00,1.285147411304387558e-07
-8.349999999999999645e+00,1.549753135702891981e-07
-8.300000000000000711e+00,1.866764581494630570e-07
-8.250000000000000000e+00,2.246125567831603418e-07
-8.199999999999999289e+00,2.699578503363014081e-07
-8.150000000000000355e+00,3.240972466449979201e-07
-8.099999999999999645e+00,3.886620816507703501e-07
-8.050000000000000711e+00,4.655715715783097732e-07
-8.000000000000000000e+00,5.570807939543085326e-07
-7.950000000000000178e+00,6.658361469857316088e-07
-7.900000000000000355e+00,7.949393615349094139e-07
-7.849999999999999645e+00,9.480212788595770472e-07
-7.799999999999999822e+00,1.129326761709486779e-06
-7.750000000000000000e+00,1.343812277631526922e-06
-7.700000000000000178e+00,1.597257882834313520e-06
-7.650000000000000355e+00,1.896395544153411110e-06
-7.599999999999999645e+00,2.249055967032338691e-06
-7.549999999999999822e+00,2.664336350513899960e-06
-7.500000000000000000e+00,3.152791767556220286e-06
-7.450000000000000178e+00,3.726653172078670938e-06
-7.400000000000000355e+00,4.400075364510550395e-06
-7.349999999999999645e+00,5.189418606715261483e-06
-7.299999999999999822e+00,6.113567966371424216e-06
-7.250000000000000000e+00,7.194294891475123739e-06
-7.200000000000000178e+00,8.456665968701121430e-06
-7.150000000000000355e+00,9.929504305851023552e-06
-7.099999999999999645e+00,1.164590949921328841e-05
-7.049999999999999822e+00,1.364384270176380468e-05
-7.000000000000000000e+00,1.596678389780481142e-05
-6.950000000000000178e+00,1.866446911352053717e-05
-6.900000000000000355e+00,2.179371595020289051e-05
-6.849999999999999645e+00,2.541934651619916926e-05
-6.799999999999999822e+00,2.961521755297782664e-05
-6.750000000000000000e+00,3.446536829740855793e-05
-6.700000000000000178e+00,4.006529739295106870e-05
-6.650000000000000355e+00,4.652338095260727722e-05
-6.599999999999999645e+00,5.396244468093547558e-05
-6.549999999999999822e+00,6.252150377482040952e-05
-6.500000000000000000e+00,7.235768513558282820e-05
-6.450000000000000178e+00,8.364834722972767347e-05
-6.400000000000000355e+00,9.659341372218354824e-05
-6.349999999999999645e+00,1.114179377629488172e-04
-6.299999999999999822e+00,1.283749145228182335e-04
-6.250000000000000000e+00,1.477483602320343425e-04
-6.200000000000000178e+00,1.698566765614104056e-04
-6.150000000000000355e+00,1.950563196812965007e-04
-6.099999999999999645e+00,2.237457937206200384e-04
-6.049999999999999822e+00,2.563699886055438343e-04
-6.000000000000000000e+00,2.934248823627725569e-04
-5.950000000000000178e+00,3.354626279025118532e-04
-5.900000000000000355e+00,3.830970440253826724e-04
-5.849999999999999645e+00,4.370095298997465623e-04
-5.799999999999999822e+00,4.979554215032750038e-04
-5.750000000000000000e+00,5.667708074866498885e-04
-5.700000000000000178e+00,6.443798205686075741e-04
-5.650000000000000355e+00,7.318024188804691946e-04
-5.599999999999999645e+00,8.301626696148558171e-04
-5.549999999999999822e+00,9.406975448679053475e-04
-5.500000000000000000e+00,1.064766236667924601e-03
-5.450000000000000178e+00,1.203859994828204022e-03
-5.400000000000000355e+00,1.359612487421496888e-03
-5.349999999999999645e+00,1.533810679324460217e-03
-5.299999999999999822e+00,1.728406219400958595e-03
-5.250000000000000000e+00,1.945527321465935532e-03
-5.200000000000000178e+00,2.187491118182885094e-03
-5.150000000000000355e+00,2.456816460489277040e-03
-5.099999999999999645e+00,2.756237128012434343e-03
-5.049999999999999822e+00,3.088715408236776105e-03
-5.000000000000000000e+00,3.457455993922414761e-03
-4.950000000000000178e+00,3.865920139472804520e-03
-4.900000000000000355e+00,4.317840007633064192e-03
-4.849999999999999645e+00,4.817233128106178201e-03
-4.799999999999999822e+00,5.368416879448612879e-03
-4.750000000000000000e+00,5.976022895005963544e-03
-4.700000000000000178e+00,6.645011282741403354e-03
-4.650000000000000355e+00,7.380684537674227393e-03
-4.599999999999999645e+00,8.188701014374060588e-03
-4.549999999999999822e+00,9.075087815651574838e-03
-4.500000000000000000e+00,1.004625294236415230e-02
-4.450000000000000178e+00,1.110899653824230608e-02
-4.400000000000000355e+00,1.227052105297821161e-02
-4.349999999999999645e+00,1.353844013665234103e-02
-4.299999999999999822e+00,1.492078606906786786e-02
-4.250000000000000000e+00,1.642601551888559983e-02
-4.200000000000000178e+00,1.806301341978127500e-02
-4.150000000000000355e+00,1.984109474437022527e-02
-4.099999999999999645e+00,2.177000395154831194e-02
-4.049999999999999822e+00,2.385991187938028835e-02
-4.000000000000000000e+00,2.612140985391830927e-02
-3.950000000000000178e+00,2.856550078455037667e-02
-3.900000000000000355e+00,3.120358701884901401e-02
-3.849999999999999645e+00,3.404745473459927507e-02
-3.799999999999999822e+00,3.710925465390493838e-02
-3.750000000000000000e+00,4.040147887416335043e-02
-3.700000000000000178e+00,4.393693362340741343e-02
-3.650000000000000355e+00,4.772870776316401331e-02
-3.599999999999999645e+00,5.179013688067338195e-02
-3.549999999999999822e+00,5.613476283413380147e-02
-3.500000000000000000e+00,6.077628863962431655e-02
-3.450000000000000178e+00,6.572852861653044609e-02
-3.400000000000000355e+00,7.100535373963677566e-02
-3.349999999999999645e+00,7.662063218049337820e-02
-3.299999999999999822e+00,8.258816505811503172e-02
-3.250000000000000000e+00,8.892161745938657880e-02
-3.200000000000000178e+00,9.563444483253864814e-02
-3.150000000000000355e+00,1.027398149024941337e-01
-3.099999999999999645e+00,1.102505253044850780e-01
-3.049999999999999822e+00,1.181789171817806822e-01
-3.000000000000000000e+00,1.265367850442720432e-01
-2.950000000000000178e+00,1.353352832366127023e-01
-2.900000000000000355e+00,1.445848294171568071e-01
-2.849999999999999645e+00,1.542950055015680777e-01
-2.799999999999999822e+00,1.644744565771550926e-01
-2.750000000000000000e+00,1.751307883451513614e-01
-2.700000000000000178e+00,1.862704636977009498e-01
-2.650000000000000355e+00,1.978986990836143212e-01
-2.599999999999999645e+00,2.100193613613879073e-01
-2.549999999999999822e+00,2.226348658788911694e-01
-2.500000000000000000e+00,2.357460765558639648e-01
-2.450000000000000178e+00,2.493522087772961637e-01
-2.400000000000000355e+00,2.634507359322562636e-01
-2.349999999999999645e+00,2.780373004531938586e-01
-2.299999999999999822e+00,2.931056302245990119e-01
-2.250000000000000000e+00,3.086474612366194581e-01
-2.200000000000000178e+00,3.246524673583497389e-01
-2.150000000000000355e+00,3.411081980965914862e-01
-2.099999999999999645e+00,3.580000251885993023e-01
-2.049999999999999822e+00,3.753110988513999047e-01
-2.000000000000000000e+00,3.930223144755096154e-01
-1.949999999999999289e+00,4.111122905071875056e-01
-1.900000000000000355e+00,4.295573582107385380e-01
-1.849999999999999645e+00,4.483315639409426456e-01
-1.800000000000000711e+00,4.674066844856192282e-01
-1.750000000000000000e+00,4.867522559599722354e-01
-1.699999999999999289e+00,5.063356166481005616e-01
-1.650000000000000355e+00,5.261219640934557962e-01
-1.599999999999999645e+00,5.460744266397090652e-01
-1.550000000000000711e+00,5.661541495171978911e-01
-1.500000000000000000e+00,5.863203954586991840e-01
-1.449999999999999289e+00,6.065306597126334243e-01
-1.400000000000000355e+00,6.267407992029923047e-01
-1.349999999999999645e+00,6.469051754643521113e-01
-1.300000000000000711e+00,6.669768108584747113e-01
-1.250000000000000000e+00,6.869075574573884069e-01
-1.199999999999999289e+00,7.066482778577162227e-01
-1.150000000000000355e+00,7.261490370736902733e-01
-1.099999999999999645e+00,7.453593045429801611e-01
-1.050000000000000711e+00,7.642281651714908364e-01
-1.000000000000000000e+00,7.827045382418688080e-01
-9.499999999999992895e-01,8.007374029168080609e-01
-9.000000000000003553e-01,8.182760289835485645e-01
-8.499999999999996447e-01,8.352702114112716680e-01
-8.000000000000007105e-01,8.516705072294413759e-01
-7.500000000000000000e-01,8.674284731834113193e-01
-6.999999999999992895e-01,8.824969025845953441e-01
-6.500000000000003553e-01,8.968300597468683577e-01
-5.999999999999996447e-01,9.103839103891421258e-01
-5.500000000000007105e-01,9.231163463866360885e-01
-5.000000000000000000e-01,9.349874032704533766e-01
-4.499999999999992895e-01,9.459594689067655215e-01
-4.000000000000003553e-01,9.559974818330996271e-01
-3.499999999999996447e-01,9.650691177896802975e-01
-3.000000000000007105e-01,9.731449630580510934e-01
-2.500000000000000000e-01,9.801986733067554747e-01
-1.999999999999992895e-01,9.862071167439162567e-01
-1.500000000000003553e-01,9.911505004882847913e-01
-9.999999999999964473e-02,9.950124791926823198e-01
-5.000000000000071054e-02,9.977802450856064764e-01
0.000000000000000000e+00,9.994445987368582029e-01
5.000000000000071054e-02,1.000000000000000000e+00
9.999999999999964473e-02,9.994445987368582029e-01
1.500000000000003553e-01,9.977802450856064764e-01
1.999999999999992895e-01,9.950124791926823198e-01
2.500000000000000000e-01,9.911505004882847913e-01
3.000000000000007105e-01,9.862071167439162567e-01
3.499999999999996447e-01,9.801986733067554747e-01
4.000000000000003553e-01,9.731449630580510934e-01
4.499999999999992895e-01,9.650691177896802975e-01
5.000000000000000000e-01,9.559974818330996271e-01
5.500000000000007105e-01,9.459594689067655215e-01
5.999999999999996447e-01,9.349874032704533766e-01
6.500000000000003553e-01,9.231163463866360885e-01
6.999999999999992895e-01,9.103839103891421258e-01
7.500000000000000000e-01,8.968300597468683577e-01
8.000000000000007105e-01,8.824969025845953441e-01
8.499999999999996447e-01,8.674284731834113193e-01
9.000000000000003553e-01,8.516705072294413759e-01
9.499999999999992895e-01,8.352702114112716680e-01
1.000000000000000000e+00,8.182760289835485645e-01
1.050000000000000711e+00,8.007374029168080609e-01
1.099999999999999645e+00,7.827045382418688080e-01
1.150000000000000355e+00,7.642281651714908364e-01
1.199999999999999289e+00,7.453593045429801611e-01
1.250000000000000000e+00,7.261490370736902733e-01
1.300000000000000711e+00,7.066482778577162227e-01
1.349999999999999645e+00,6.869075574573884069e-01
1.400000000000000355e+00,6.669768108584747113e-01
1.449999999999999289e+00,6.469051754643521113e-01
1.500000000000000000e+00,6.267407992029923047e-01
1.550000000000000711e+00,6.065306597126334243e-01
1.599999999999999645e+00,5.863203954586991840e-01
1.650000000000000355e+00,5.661541495171978911e-01
1.699999999999999289e+00,5.460744266397090652e-01
1.750000000000000000e+00,5.261219640934557962e-01
1.800000000000000711e+00,5.063356166481005616e-01
1.849999999999999645e+00,4.867522559599722354e-01
1.900000000000000355e+00,4.674066844856192282e-01
1.949999999999999289e+00,4.483315639409426456e-01
2.000000000000000000e+00,4.295573582107385380e-01
2.050000000000000711e+00,4.111122905071875056e-01
2.099999999999999645e+00,3.930223144755100595e-01
2.150000000000000355e+00,3.753110988513999047e-01
2.199999999999999289e+00,3.580000251885993023e-01
2.250000000000000000e+00,3.411081980965910976e-01
2.300000000000000711e+00,3.246524673583497389e-01
2.349999999999999645e+00,3.086474612366198467e-01
2.400000000000000355e+00,2.931056302245990119e-01
2.449999999999999289e+00,2.780373004531938586e-01
2.500000000000000000e+00,2.634507359322558750e-01
2.550000000000000711e+00,2.493522087772961637e-01
2.599999999999999645e+00,2.357460765558642424e-01
2.650000000000000355e+00,2.226348658788911694e-01
2.699999999999999289e+00,2.100193613613879073e-01
2.750000000000000000e+00,1.978986990836140436e-01
2.800000000000000711e+00,1.862704636977009498e-01
2.849999999999999645e+00,1.751307883451516112e-01
2.900000000000000355e+00,1.644744565771550926e-01
2.949999999999999289e+00,1.542950055015680777e-01
3.000000000000000000e+00,1.445848294171565851e-01
3.050000000000000711e+00,1.353352832366127023e-01
3.099999999999999645e+00,1.265367850442722653e-01
3.150000000000000355e+00,1.181789171817806822e-01
3.199999999999999289e+00,1.102505253044850780e-01
3.250000000000000000e+00,1.027398149024939950e-01
3.300000000000000711e+00,9.563444483253864814e-02
3.349999999999999645e+00,8.892161745938671757e-02
3.400000000000000355e+00,8.258816505811503172e-02
3.449999999999999289e+00,7.662063218049337820e-02
3.500000000000000000e+00,7.100535373963663688e-02
3.550000000000000711e+00,6.572852861653044609e-02
3.599999999999999645e+00,6.077628863962442757e-02
3.650000000000000355e+00,5.613476283413380147e-02
3.699999999999999289e+00,5.179013688067338195e-02
3.750000000000000000e+00,4.772870776316392311e-02
3.800000000000000711e+00,4.393693362340741343e-02
3.849999999999999645e+00,4.040147887416341982e-02
3.900000000000000355e+00,3.710925465390493838e-02
3.949999999999999289e+00,3.404745473459927507e-02
4.000000000000000000e+00,3.120358701884895503e-02
4.050000000000000711e+00,2.856550078455037667e-02
4.099999999999999645e+00,2.612140985391837519e-02
4.150000000000000355e+00,2.385991187938039590e-02
4.199999999999999289e+00,2.177000395154822174e-02
4.250000000000000000e+00,1.984109474437017323e-02
4.300000000000000711e+00,1.806301341978127500e-02
4.349999999999999645e+00,1.642601551888563452e-02
4.400000000000000355e+00,1.492078606906793552e-02
4.449999999999999289e+00,1.353844013665227684e-02
4.500000000000000000e+00,1.227052105297818385e-02
4.550000000000000711e+00,1.110899653824230608e-02
4.599999999999999645e+00,1.004625294236417311e-02
4.650000000000000355e+00,9.075087815651619941e-03
4.699999999999999289e+00,8.188701014374024159e-03
4.750000000000000000e+00,7.380684537674210045e-03
4.800000000000000711e+00,6.645011282741403354e-03
4.849999999999999645e+00,5.976022895005980023e-03
4.900000000000000355e+00,5.368416879448639767e-03
4.949999999999999289e+00,4.817233128106152180e-03
5.000000000000000000e+00,4.317840007633051182e-03
5.050000000000000711e+00,3.865920139472804520e-03
5.099999999999999645e+00,3.457455993922423001e-03
5.150000000000000355e+00,3.088715408236791717e-03
5.199999999999999289e+00,2.756237128012418731e-03
5.250000000000000000e+00,2.456816460489270101e-03
5.300000000000000711e+00,2.187491118182885094e-03
5.349999999999999645e+00,1.945527321465940736e-03
5.400000000000000355e+00,1.728406219400969003e-03
5.449999999999999289e+00,1.533810679324451977e-03
5.500000000000000000e+00,1.359612487421493418e-03
5.550000000000000711e+00,1.203859994828204022e-03
5.599999999999999645e+00,1.064766236667928070e-03
5.650000000000000355e+00,9.406975448679109853e-04
5.699999999999999289e+00,8.301626696148506129e-04
5.750000000000000000e+00,7.318024188804669178e-04
5.800000000000000711e+00,6.443798205686075741e-04
5.849999999999999645e+00,5.667708074866514064e-04
5.900000000000000355e+00,4.979554215032777143e-04
5.949999999999999289e+00,4.370095298997437976e-04
6.000000000000000000e+00,3.830970440253814798e-04
6.050000000000000711e+00,3.354626279025118532e-04
6.100000000000001421e+00,2.934248823627735869e-04
6.149999999999998579e+00,2.563699886055453522e-04
6.199999999999999289e+00,2.237457937206183036e-04
6.250000000000000000e+00,1.950563196812957689e-04
6.300000000000000711e+00,1.698566765614104056e-04
6.350000000000001421e+00,1.477483602320346949e-04
6.399999999999998579e+00,1.283749145228190466e-04
6.449999999999999289e+00,1.114179377629481395e-04
6.500000000000000000e+00,9.659341372218331785e-05
6.550000000000000711e+00,8.364834722972767347e-05
6.600000000000001421e+00,7.235768513558309926e-05
6.649999999999998579e+00,6.252150377482088386e-05
6.699999999999999289e+00,5.396244468093512321e-05
6.750000000000000000e+00,4.652338095260708748e-05
6.800000000000000711e+00,4.006529739295106870e-05
6.850000000000001421e+00,3.446536829740869345e-05
6.899999999999998579e+00,2.961521755297802315e-05
6.949999999999999289e+00,2.541934651619895920e-05
7.000000000000000000e+00,2.179371595020279903e-05
7.050000000000000711e+00,1.866446911352053717e-05
7.100000000000001421e+00,1.596678389780485885e-05
7.149999999999998579e+00,1.364384270176390294e-05
7.199999999999999289e+00,1.164590949921320709e-05
7.250000000000000000e+00,9.929504305850993059e-06
7.300000000000000711e+00,8.456665968701121430e-06
7.350000000000001421e+00,7.194294891475154232e-06
7.399999999999998579e+00,6.113567966371478426e-06
7.449999999999999289e+00,5.189418606715222520e-06
7.500000000000000000e+00,4.400075364510530066e-06
7.550000000000000711e+00,3.726653172078670938e-06
7.600000000000001421e+00,3.152791767556233415e-06
7.649999999999998579e+00,2.664336350513918594e-06
7.699999999999999289e+00,2.249055967032318362e-06
7.750000000000000000e+00,1.896395544153402004e-06
7.800000000000000711e+00,1.597257882834313520e-06
7.850000000000001421e+00,1.343812277631530946e-06
7.899999999999998579e+00,1.129326761709495461e-06
7.949999999999999289e+00,9.480212788595697415e-07
8.000000000000000000e+00,7.949393615349069787e-07
8.050000000000000711e+00,6.658361469857316088e-07
8.100000000000001421e+00,5.570807939543110737e-07
8.149999999999998579e+00,4.655715715783141672e-07
8.199999999999999289e+00,3.886620816507671208e-07
8.250000000000000000e+00,3.240972466449963319e-07
8.300000000000000711e+00,2.699578503363014081e-07
8.350000000000001421e+00,2.246125567831614006e-07
8.399999999999998579e+00,1.866764581494645922e-07
8.449999999999999289e+00,1.549753135702876364e-07
8.500000000000000000e+00,1.285147411304380676e-07
8.550000000000000711e+00,1.064537141107602414e-07
8.600000000000001421e+00,8.808179196460652388e-08
8.649999999999998579e+00,7.279958694767476544e-08
8.699999999999999289e+00,6.010202980257544737e-08
8.750000000000000000e+00,4.956405319172445840e-08
8.800000000000000711e+00,4.082836041142517326e-08
8.850000000000001421e+00,3.359498997812326402e-08
8.899999999999998579e+00,2.761242456828074269e-08
8.949999999999999289e+00,2.267002607515639517e-08
9.000000000000000000e+00,1.859160772634961111e-08
9.050000000000000711e+00,1.522997974471262915e-08
9.100000000000001421e+00,1.246232734700350049e-08
9.149999999999998579e+00,1.018629933286070983e-08
9.199999999999999289e+00,8.316702456828215059e-09
9.250000000000000000e+00,6.782711498648252982e-09
9.300000000000000711e+00,5.525517720366711436e-09
9.350000000000001421e+00,4.496349462280901489e-09
9.399999999999998579e+00,3.654808196197418011e-09
9.449999999999999289e+00,2.967471612701854184e-09
9.500000000000000000e+00,2.406722436301026403e-09
9.550000000000000711e+00,1.949767786017237700e-09
9.600000000000001421e+00,1.577819159413279982e-09
9.649999999999998579e+00,1.275407629526062146e-09
9.699999999999999289e+00,1.029812707220945139e-09
9.750000000000000000e+00,8.305866239948969555e-10
9.800000000000000711e+00,6.691586091292781558e-10
9.850000000000001421e+00,5.385061373786534765e-10
9.899999999999998579e+00,4.328821674522640753e-10
9.949999999999999289e+00,3.475891281239877040e-10
1.000000000000000000e+01,2.787918818766606644e-10
